<?xml version="1.0" encoding="UTF-8"?>
<GenRun Id="synth_1" LaunchPart="xc7a35tcpg236-1" LaunchTime="1555029251">
  <File Type="PA-TCL" Name="Basys3_Top.tcl"/>
  <File Type="REPORTS-TCL" Name="Basys3_Top_reports.tcl"/>
  <File Type="RDS-RDS" Name="Basys3_Top.vds"/>
  <File Type="RDS-UTIL" Name="Basys3_Top_utilization_synth.rpt"/>
  <File Type="RDS-UTIL-PB" Name="Basys3_Top_utilization_synth.pb"/>
  <File Type="RDS-DCP" Name="Basys3_Top.dcp"/>
  <FileSet Name="sources" Type="DesignSrcs" RelSrcDir="$PSRCDIR/sources_1">
    <Filter Type="Srcs"/>
    <File Path="$PSRCDIR/sources_1/new/defines.v">
      <FileInfo>
        <Attr Name="ImportPath" Val="$PPRDIR/../miniMIPS_B3.srcs/sources_1/new/defines.v"/>
        <Attr Name="ImportTime" Val="1553670842"/>
        <Attr Name="UsedIn" Val="synthesis"/>
        <Attr Name="UsedIn" Val="implementation"/>
        <Attr Name="UsedIn" Val="simulation"/>
      </FileInfo>
    </File>
    <File Path="$PSRCDIR/sources_1/new/EX.v">
      <FileInfo>
        <Attr Name="ImportPath" Val="$PPRDIR/../miniMIPS_B3.srcs/sources_1/new/EX.v"/>
        <Attr Name="ImportTime" Val="1553786065"/>
        <Attr Name="UsedIn" Val="synthesis"/>
        <Attr Name="UsedIn" Val="implementation"/>
        <Attr Name="UsedIn" Val="simulation"/>
      </FileInfo>
    </File>
    <File Path="$PSRCDIR/sources_1/new/EX_MEM.v">
      <FileInfo>
        <Attr Name="ImportPath" Val="$PPRDIR/../miniMIPS_B3.srcs/sources_1/new/EX_MEM.v"/>
        <Attr Name="ImportTime" Val="1553786059"/>
        <Attr Name="UsedIn" Val="synthesis"/>
        <Attr Name="UsedIn" Val="implementation"/>
        <Attr Name="UsedIn" Val="simulation"/>
      </FileInfo>
    </File>
    <File Path="$PSRCDIR/sources_1/new/ID.v">
      <FileInfo>
        <Attr Name="ImportPath" Val="$PPRDIR/../miniMIPS_B3.srcs/sources_1/new/ID.v"/>
        <Attr Name="ImportTime" Val="1553786075"/>
        <Attr Name="UsedIn" Val="synthesis"/>
        <Attr Name="UsedIn" Val="implementation"/>
        <Attr Name="UsedIn" Val="simulation"/>
      </FileInfo>
    </File>
    <File Path="$PSRCDIR/sources_1/new/ID_EX.v">
      <FileInfo>
        <Attr Name="ImportPath" Val="$PPRDIR/../miniMIPS_B3.srcs/sources_1/new/ID_EX.v"/>
        <Attr Name="ImportTime" Val="1553785970"/>
        <Attr Name="UsedIn" Val="synthesis"/>
        <Attr Name="UsedIn" Val="implementation"/>
        <Attr Name="UsedIn" Val="simulation"/>
      </FileInfo>
    </File>
    <File Path="$PSRCDIR/sources_1/new/IF_ID.v">
      <FileInfo>
        <Attr Name="ImportPath" Val="$PPRDIR/../miniMIPS_B3.srcs/sources_1/new/IF_ID.v"/>
        <Attr Name="ImportTime" Val="1553786080"/>
        <Attr Name="UsedIn" Val="synthesis"/>
        <Attr Name="UsedIn" Val="implementation"/>
        <Attr Name="UsedIn" Val="simulation"/>
      </FileInfo>
    </File>
    <File Path="$PSRCDIR/sources_1/new/MEM.V">
      <FileInfo>
        <Attr Name="ImportPath" Val="$PPRDIR/../miniMIPS_B3.srcs/sources_1/new/MEM.V"/>
        <Attr Name="ImportTime" Val="1553786088"/>
        <Attr Name="UsedIn" Val="synthesis"/>
        <Attr Name="UsedIn" Val="implementation"/>
        <Attr Name="UsedIn" Val="simulation"/>
      </FileInfo>
    </File>
    <File Path="$PSRCDIR/sources_1/new/MEM_WB.v">
      <FileInfo>
        <Attr Name="ImportPath" Val="$PPRDIR/../miniMIPS_B3.srcs/sources_1/new/MEM_WB.v"/>
        <Attr Name="ImportTime" Val="1553786084"/>
        <Attr Name="UsedIn" Val="synthesis"/>
        <Attr Name="UsedIn" Val="implementation"/>
        <Attr Name="UsedIn" Val="simulation"/>
      </FileInfo>
    </File>
    <File Path="$PSRCDIR/sources_1/new/PC.v">
      <FileInfo>
        <Attr Name="ImportPath" Val="$PPRDIR/../miniMIPS_B3.srcs/sources_1/new/PC.v"/>
        <Attr Name="ImportTime" Val="1553786094"/>
        <Attr Name="UsedIn" Val="synthesis"/>
        <Attr Name="UsedIn" Val="implementation"/>
        <Attr Name="UsedIn" Val="simulation"/>
      </FileInfo>
    </File>
    <File Path="$PSRCDIR/sources_1/new/RegFile.v">
      <FileInfo>
        <Attr Name="ImportPath" Val="$PPRDIR/../miniMIPS_B3.srcs/sources_1/new/RegFile.v"/>
        <Attr Name="ImportTime" Val="1553785269"/>
        <Attr Name="UsedIn" Val="synthesis"/>
        <Attr Name="UsedIn" Val="implementation"/>
        <Attr Name="UsedIn" Val="simulation"/>
      </FileInfo>
    </File>
    <File Path="$PSRCDIR/sources_1/new/WB.v">
      <FileInfo>
        <Attr Name="ImportPath" Val="$PPRDIR/../miniMIPS_B3.srcs/sources_1/new/WB.v"/>
        <Attr Name="ImportTime" Val="1553786153"/>
        <Attr Name="UsedIn" Val="synthesis"/>
        <Attr Name="UsedIn" Val="implementation"/>
        <Attr Name="UsedIn" Val="simulation"/>
      </FileInfo>
    </File>
    <File Path="$PSRCDIR/sources_1/new/confreg.v">
      <FileInfo>
        <Attr Name="ImportPath" Val="$PPRDIR/../miniMIPS_B3.srcs/sources_1/new/confreg.v"/>
        <Attr Name="ImportTime" Val="1553785963"/>
        <Attr Name="UsedIn" Val="synthesis"/>
        <Attr Name="UsedIn" Val="implementation"/>
        <Attr Name="UsedIn" Val="simulation"/>
      </FileInfo>
    </File>
    <File Path="$PSRCDIR/sources_1/new/miniMIPS_Top.v">
      <FileInfo>
        <Attr Name="ImportPath" Val="$PPRDIR/../miniMIPS_B3.srcs/sources_1/new/miniMIPS_Top.v"/>
        <Attr Name="ImportTime" Val="1553785244"/>
        <Attr Name="UsedIn" Val="synthesis"/>
        <Attr Name="UsedIn" Val="implementation"/>
        <Attr Name="UsedIn" Val="simulation"/>
      </FileInfo>
    </File>
    <File Path="$PSRCDIR/sources_1/new/Basys3_Top.v">
      <FileInfo>
        <Attr Name="ImportPath" Val="$PPRDIR/../miniMIPS_B3.srcs/sources_1/new/Basys3_Top.v"/>
        <Attr Name="ImportTime" Val="1553785106"/>
        <Attr Name="UsedIn" Val="synthesis"/>
        <Attr Name="UsedIn" Val="implementation"/>
        <Attr Name="UsedIn" Val="simulation"/>
      </FileInfo>
    </File>
    <File Path="$PPRDIR/../rom.coe">
      <FileInfo>
        <Attr Name="UsedIn" Val="synthesis"/>
        <Attr Name="UsedIn" Val="simulation"/>
      </FileInfo>
    </File>
    <Config>
      <Option Name="DesignMode" Val="RTL"/>
      <Option Name="TopModule" Val="Basys3_Top"/>
      <Option Name="TopAutoSet" Val="TRUE"/>
    </Config>
  </FileSet>
  <FileSet Name="constrs_in" Type="Constrs" RelSrcDir="$PSRCDIR/constrs_1">
    <Filter Type="Constrs"/>
    <File Path="$PPRDIR/../Basys-3.xdc">
      <FileInfo>
        <Attr Name="UsedIn" Val="synthesis"/>
        <Attr Name="UsedIn" Val="implementation"/>
      </FileInfo>
    </File>
    <Config>
      <Option Name="ConstrsType" Val="XDC"/>
    </Config>
  </FileSet>
  <Strategy Version="1" Minor="2">
    <StratHandle Name="Vivado Synthesis Defaults" Flow="Vivado Synthesis 2018"/>
    <Step Id="synth_design"/>
  </Strategy>
  <BlockFileSet Type="BlockSrcs" Name="inst_rom"/>
</GenRun>
