<?xml version="1.0" encoding="UTF-8"?>
<GenRun Id="impl_1" LaunchPart="xc7a35tcpg236-1" LaunchTime="1555029336">
  <File Type="ROUTE-PWR" Name="Basys3_Top_power_routed.rpt"/>
  <File Type="PA-TCL" Name="Basys3_Top.tcl"/>
  <File Type="BITSTR-BMM" Name="Basys3_Top_bd.bmm"/>
  <File Type="ROUTE-PWR-SUM" Name="Basys3_Top_power_summary_routed.pb"/>
  <File Type="REPORTS-TCL" Name="Basys3_Top_reports.tcl"/>
  <File Type="OPT-DCP" Name="Basys3_Top_opt.dcp"/>
  <File Type="OPT-DRC" Name="Basys3_Top_drc_opted.rpt"/>
  <File Type="OPT-HWDEF" Name="Basys3_Top.hwdef"/>
  <File Type="PWROPT-DCP" Name="Basys3_Top_pwropt.dcp"/>
  <File Type="PLACE-DCP" Name="Basys3_Top_placed.dcp"/>
  <File Type="PLACE-IO" Name="Basys3_Top_io_placed.rpt"/>
  <File Type="PLACE-UTIL" Name="Basys3_Top_utilization_placed.rpt"/>
  <File Type="PLACE-UTIL-PB" Name="Basys3_Top_utilization_placed.pb"/>
  <File Type="PLACE-CTRL" Name="Basys3_Top_control_sets_placed.rpt"/>
  <File Type="PLACE-PRE-SIMILARITY" Name="Basys3_Top_incremental_reuse_pre_placed.rpt"/>
  <File Type="BG-BGN" Name="Basys3_Top.bgn"/>
  <File Type="POSTPLACE-PWROPT-DCP" Name="Basys3_Top_postplace_pwropt.dcp"/>
  <File Type="BG-BIN" Name="Basys3_Top.bin"/>
  <File Type="PHYSOPT-DCP" Name="Basys3_Top_physopt.dcp"/>
  <File Type="BITSTR-MSK" Name="Basys3_Top.msk"/>
  <File Type="ROUTE-ERROR-DCP" Name="Basys3_Top_routed_error.dcp"/>
  <File Type="ROUTE-DCP" Name="Basys3_Top_routed.dcp"/>
  <File Type="ROUTE-BLACKBOX-DCP" Name="Basys3_Top_routed_bb.dcp"/>
  <File Type="ROUTE-DRC" Name="Basys3_Top_drc_routed.rpt"/>
  <File Type="ROUTE-DRC-PB" Name="Basys3_Top_drc_routed.pb"/>
  <File Type="ROUTE-DRC-RPX" Name="Basys3_Top_drc_routed.rpx"/>
  <File Type="BITSTR-LTX" Name="Basys3_Top.ltx"/>
  <File Type="ROUTE-METHODOLOGY-DRC" Name="Basys3_Top_methodology_drc_routed.rpt"/>
  <File Type="BITSTR-MMI" Name="Basys3_Top.mmi"/>
  <File Type="ROUTE-METHODOLOGY-DRC-RPX" Name="Basys3_Top_methodology_drc_routed.rpx"/>
  <File Type="ROUTE-METHODOLOGY-DRC-PB" Name="Basys3_Top_methodology_drc_routed.pb"/>
  <File Type="BITSTR-SYSDEF" Name="Basys3_Top.sysdef"/>
  <File Type="ROUTE-PWR-RPX" Name="Basys3_Top_power_routed.rpx"/>
  <File Type="ROUTE-STATUS" Name="Basys3_Top_route_status.rpt"/>
  <File Type="ROUTE-STATUS-PB" Name="Basys3_Top_route_status.pb"/>
  <File Type="ROUTE-TIMINGSUMMARY" Name="Basys3_Top_timing_summary_routed.rpt"/>
  <File Type="ROUTE-TIMING-PB" Name="Basys3_Top_timing_summary_routed.pb"/>
  <File Type="ROUTE-TIMING-RPX" Name="Basys3_Top_timing_summary_routed.rpx"/>
  <File Type="ROUTE-CLK" Name="Basys3_Top_clock_utilization_routed.rpt"/>
  <File Type="RDI-RDI" Name="Basys3_Top.vdi"/>
  <File Type="ROUTE-BUS-SKEW" Name="Basys3_Top_bus_skew_routed.rpt"/>
  <File Type="ROUTE-BUS-SKEW-PB" Name="Basys3_Top_bus_skew_routed.pb"/>
  <File Type="ROUTE-BUS-SKEW-RPX" Name="Basys3_Top_bus_skew_routed.rpx"/>
  <File Type="POSTROUTE-PHYSOPT-DCP" Name="Basys3_Top_postroute_physopt.dcp"/>
  <File Type="POSTROUTE-PHYSOPT-BLACKBOX-DCP" Name="Basys3_Top_postroute_physopt_bb.dcp"/>
  <File Type="BG-BIT" Name="Basys3_Top.bit"/>
  <File Type="BITSTR-RBT" Name="Basys3_Top.rbt"/>
  <File Type="BITSTR-NKY" Name="Basys3_Top.nky"/>
  <File Type="BG-DRC" Name="Basys3_Top.drc"/>
  <File Type="WBT-USG" Name="usage_statistics_webtalk.html"/>
  <FileSet Name="sources" Type="DesignSrcs" RelSrcDir="$PSRCDIR/sources_1">
    <Filter Type="Srcs"/>
    <File Path="$PSRCDIR/sources_1/new/defines.v">
      <FileInfo>
        <Attr Name="ImportPath" Val="$PPRDIR/../miniMIPS_B3.srcs/sources_1/new/defines.v"/>
        <Attr Name="ImportTime" Val="1553670842"/>
        <Attr Name="UsedIn" Val="synthesis"/>
        <Attr Name="UsedIn" Val="implementation"/>
        <Attr Name="UsedIn" Val="simulation"/>
      </FileInfo>
    </File>
    <File Path="$PSRCDIR/sources_1/new/EX.v">
      <FileInfo>
        <Attr Name="ImportPath" Val="$PPRDIR/../miniMIPS_B3.srcs/sources_1/new/EX.v"/>
        <Attr Name="ImportTime" Val="1553786065"/>
        <Attr Name="UsedIn" Val="synthesis"/>
        <Attr Name="UsedIn" Val="implementation"/>
        <Attr Name="UsedIn" Val="simulation"/>
      </FileInfo>
    </File>
    <File Path="$PSRCDIR/sources_1/new/EX_MEM.v">
      <FileInfo>
        <Attr Name="ImportPath" Val="$PPRDIR/../miniMIPS_B3.srcs/sources_1/new/EX_MEM.v"/>
        <Attr Name="ImportTime" Val="1553786059"/>
        <Attr Name="UsedIn" Val="synthesis"/>
        <Attr Name="UsedIn" Val="implementation"/>
        <Attr Name="UsedIn" Val="simulation"/>
      </FileInfo>
    </File>
    <File Path="$PSRCDIR/sources_1/new/ID.v">
      <FileInfo>
        <Attr Name="ImportPath" Val="$PPRDIR/../miniMIPS_B3.srcs/sources_1/new/ID.v"/>
        <Attr Name="ImportTime" Val="1553786075"/>
        <Attr Name="UsedIn" Val="synthesis"/>
        <Attr Name="UsedIn" Val="implementation"/>
        <Attr Name="UsedIn" Val="simulation"/>
      </FileInfo>
    </File>
    <File Path="$PSRCDIR/sources_1/new/ID_EX.v">
      <FileInfo>
        <Attr Name="ImportPath" Val="$PPRDIR/../miniMIPS_B3.srcs/sources_1/new/ID_EX.v"/>
        <Attr Name="ImportTime" Val="1553785970"/>
        <Attr Name="UsedIn" Val="synthesis"/>
        <Attr Name="UsedIn" Val="implementation"/>
        <Attr Name="UsedIn" Val="simulation"/>
      </FileInfo>
    </File>
    <File Path="$PSRCDIR/sources_1/new/IF_ID.v">
      <FileInfo>
        <Attr Name="ImportPath" Val="$PPRDIR/../miniMIPS_B3.srcs/sources_1/new/IF_ID.v"/>
        <Attr Name="ImportTime" Val="1553786080"/>
        <Attr Name="UsedIn" Val="synthesis"/>
        <Attr Name="UsedIn" Val="implementation"/>
        <Attr Name="UsedIn" Val="simulation"/>
      </FileInfo>
    </File>
    <File Path="$PSRCDIR/sources_1/new/MEM.V">
      <FileInfo>
        <Attr Name="ImportPath" Val="$PPRDIR/../miniMIPS_B3.srcs/sources_1/new/MEM.V"/>
        <Attr Name="ImportTime" Val="1553786088"/>
        <Attr Name="UsedIn" Val="synthesis"/>
        <Attr Name="UsedIn" Val="implementation"/>
        <Attr Name="UsedIn" Val="simulation"/>
      </FileInfo>
    </File>
    <File Path="$PSRCDIR/sources_1/new/MEM_WB.v">
      <FileInfo>
        <Attr Name="ImportPath" Val="$PPRDIR/../miniMIPS_B3.srcs/sources_1/new/MEM_WB.v"/>
        <Attr Name="ImportTime" Val="1553786084"/>
        <Attr Name="UsedIn" Val="synthesis"/>
        <Attr Name="UsedIn" Val="implementation"/>
        <Attr Name="UsedIn" Val="simulation"/>
      </FileInfo>
    </File>
    <File Path="$PSRCDIR/sources_1/new/PC.v">
      <FileInfo>
        <Attr Name="ImportPath" Val="$PPRDIR/../miniMIPS_B3.srcs/sources_1/new/PC.v"/>
        <Attr Name="ImportTime" Val="1553786094"/>
        <Attr Name="UsedIn" Val="synthesis"/>
        <Attr Name="UsedIn" Val="implementation"/>
        <Attr Name="UsedIn" Val="simulation"/>
      </FileInfo>
    </File>
    <File Path="$PSRCDIR/sources_1/new/RegFile.v">
      <FileInfo>
        <Attr Name="ImportPath" Val="$PPRDIR/../miniMIPS_B3.srcs/sources_1/new/RegFile.v"/>
        <Attr Name="ImportTime" Val="1553785269"/>
        <Attr Name="UsedIn" Val="synthesis"/>
        <Attr Name="UsedIn" Val="implementation"/>
        <Attr Name="UsedIn" Val="simulation"/>
      </FileInfo>
    </File>
    <File Path="$PSRCDIR/sources_1/new/WB.v">
      <FileInfo>
        <Attr Name="ImportPath" Val="$PPRDIR/../miniMIPS_B3.srcs/sources_1/new/WB.v"/>
        <Attr Name="ImportTime" Val="1553786153"/>
        <Attr Name="UsedIn" Val="synthesis"/>
        <Attr Name="UsedIn" Val="implementation"/>
        <Attr Name="UsedIn" Val="simulation"/>
      </FileInfo>
    </File>
    <File Path="$PSRCDIR/sources_1/new/confreg.v">
      <FileInfo>
        <Attr Name="ImportPath" Val="$PPRDIR/../miniMIPS_B3.srcs/sources_1/new/confreg.v"/>
        <Attr Name="ImportTime" Val="1553785963"/>
        <Attr Name="UsedIn" Val="synthesis"/>
        <Attr Name="UsedIn" Val="implementation"/>
        <Attr Name="UsedIn" Val="simulation"/>
      </FileInfo>
    </File>
    <File Path="$PSRCDIR/sources_1/new/miniMIPS_Top.v">
      <FileInfo>
        <Attr Name="ImportPath" Val="$PPRDIR/../miniMIPS_B3.srcs/sources_1/new/miniMIPS_Top.v"/>
        <Attr Name="ImportTime" Val="1553785244"/>
        <Attr Name="UsedIn" Val="synthesis"/>
        <Attr Name="UsedIn" Val="implementation"/>
        <Attr Name="UsedIn" Val="simulation"/>
      </FileInfo>
    </File>
    <File Path="$PSRCDIR/sources_1/new/Basys3_Top.v">
      <FileInfo>
        <Attr Name="ImportPath" Val="$PPRDIR/../miniMIPS_B3.srcs/sources_1/new/Basys3_Top.v"/>
        <Attr Name="ImportTime" Val="1553785106"/>
        <Attr Name="UsedIn" Val="synthesis"/>
        <Attr Name="UsedIn" Val="implementation"/>
        <Attr Name="UsedIn" Val="simulation"/>
      </FileInfo>
    </File>
    <File Path="$PPRDIR/../rom.coe">
      <FileInfo>
        <Attr Name="UsedIn" Val="synthesis"/>
        <Attr Name="UsedIn" Val="simulation"/>
      </FileInfo>
    </File>
    <Config>
      <Option Name="DesignMode" Val="RTL"/>
      <Option Name="TopModule" Val="Basys3_Top"/>
      <Option Name="TopAutoSet" Val="TRUE"/>
    </Config>
  </FileSet>
  <FileSet Name="constrs_in" Type="Constrs" RelSrcDir="$PSRCDIR/constrs_1">
    <Filter Type="Constrs"/>
    <File Path="$PPRDIR/../Basys-3.xdc">
      <FileInfo>
        <Attr Name="UsedIn" Val="synthesis"/>
        <Attr Name="UsedIn" Val="implementation"/>
      </FileInfo>
    </File>
    <Config>
      <Option Name="ConstrsType" Val="XDC"/>
    </Config>
  </FileSet>
  <Strategy Version="1" Minor="2">
    <StratHandle Name="Vivado Implementation Defaults" Flow="Vivado Implementation 2018"/>
    <Step Id="init_design"/>
    <Step Id="opt_design"/>
    <Step Id="power_opt_design"/>
    <Step Id="place_design"/>
    <Step Id="post_place_power_opt_design"/>
    <Step Id="phys_opt_design"/>
    <Step Id="route_design"/>
    <Step Id="post_route_phys_opt_design"/>
    <Step Id="write_bitstream"/>
  </Strategy>
  <BlockFileSet Type="BlockSrcs" Name="inst_rom"/>
</GenRun>
